-- phpMyAdmin SQL Dump
-- version 5.2.1
-- https://www.phpmyadmin.net/
--
-- Host: 103.253.73.113:3306
-- Generation Time: Oct 30, 2024 at 03:24 AM
-- Server version: 10.5.22-MariaDB
-- PHP Version: 8.3.12

SET SQL_MODE = "NO_AUTO_VALUE_ON_ZERO";
START TRANSACTION;
SET time_zone = "+00:00";


/*!40101 SET @OLD_CHARACTER_SET_CLIENT=@@CHARACTER_SET_CLIENT */;
/*!40101 SET @OLD_CHARACTER_SET_RESULTS=@@CHARACTER_SET_RESULTS */;
/*!40101 SET @OLD_COLLATION_CONNECTION=@@COLLATION_CONNECTION */;
/*!40101 SET NAMES utf8mb4 */;

--
-- Database: `s17_room-reservation_public`
--

-- --------------------------------------------------------

--
-- Table structure for table `approvals`
--

CREATE TABLE `approvals` (
  `approval_id` bigint(20) UNSIGNED NOT NULL,
  `reservation_id` bigint(20) UNSIGNED NOT NULL,
  `approval_status` varchar(255) NOT NULL,
  `created_at` timestamp NULL DEFAULT NULL,
  `updated_at` timestamp NULL DEFAULT NULL
) ENGINE=InnoDB DEFAULT CHARSET=utf8mb4 COLLATE=utf8mb4_unicode_ci;

--
-- Dumping data for table `approvals`
--

INSERT INTO `approvals` (`approval_id`, `reservation_id`, `approval_status`, `created_at`, `updated_at`) VALUES
(1, 1, 'approved', '2024-09-30 08:16:11', '2024-09-30 08:16:11'),
(2, 2, 'approved', '2024-09-30 08:16:13', '2024-09-30 08:16:13'),
(3, 3, 'approved', '2024-09-30 08:21:10', '2024-09-30 08:21:10'),
(4, 16, 'approved', '2024-09-30 08:29:02', '2024-09-30 08:29:02'),
(5, 17, 'approved', '2024-09-30 08:34:28', '2024-09-30 08:34:28'),
(6, 18, 'approved', '2024-09-30 08:34:30', '2024-09-30 08:34:30'),
(7, 19, 'approved', '2024-09-30 08:36:30', '2024-09-30 08:36:30'),
(8, 20, 'approved', '2024-09-30 08:36:32', '2024-09-30 08:36:32'),
(9, 21, 'approved', '2024-09-30 08:36:34', '2024-09-30 08:36:34'),
(10, 22, 'approved', '2024-09-30 08:36:35', '2024-09-30 08:36:35'),
(11, 42, 'approved', '2024-09-30 08:54:36', '2024-09-30 08:54:36'),
(12, 43, 'approved', '2024-09-30 08:54:38', '2024-09-30 08:54:38'),
(13, 44, 'approved', '2024-09-30 08:54:40', '2024-09-30 08:54:40'),
(14, 54, 'approved', '2024-09-30 09:01:47', '2024-09-30 09:01:47'),
(15, 55, 'approved', '2024-09-30 09:01:51', '2024-09-30 09:01:51'),
(16, 56, 'approved', '2024-09-30 09:01:56', '2024-09-30 09:01:56'),
(17, 57, 'approved', '2024-09-30 09:01:59', '2024-09-30 09:01:59'),
(18, 58, 'approved', '2024-09-30 09:02:01', '2024-09-30 09:02:01'),
(19, 74, 'approved', '2024-09-30 09:11:16', '2024-09-30 09:11:16'),
(20, 75, 'approved', '2024-09-30 09:11:18', '2024-09-30 09:11:18'),
(21, 76, 'approved', '2024-09-30 09:11:19', '2024-09-30 09:11:19'),
(22, 77, 'approved', '2024-09-30 09:11:21', '2024-09-30 09:11:21'),
(23, 78, 'approved', '2024-09-30 09:11:22', '2024-09-30 09:11:22'),
(24, 138, 'approved', '2024-10-02 00:13:29', '2024-10-02 00:13:29'),
(25, 140, 'approved', '2024-10-02 22:01:30', '2024-10-02 22:01:30');

-- --------------------------------------------------------

--
-- Table structure for table `failed_jobs`
--

CREATE TABLE `failed_jobs` (
  `id` bigint(20) UNSIGNED NOT NULL,
  `uuid` varchar(255) NOT NULL,
  `connection` text NOT NULL,
  `queue` text NOT NULL,
  `payload` longtext NOT NULL,
  `exception` longtext NOT NULL,
  `failed_at` timestamp NOT NULL DEFAULT current_timestamp()
) ENGINE=InnoDB DEFAULT CHARSET=utf8mb4 COLLATE=utf8mb4_unicode_ci;

-- --------------------------------------------------------

--
-- Table structure for table `fingerprints`
--

CREATE TABLE `fingerprints` (
  `id` bigint(20) UNSIGNED NOT NULL,
  `fingerprint_data` varchar(255) NOT NULL,
  `first_name` varchar(255) NOT NULL,
  `last_name` varchar(255) NOT NULL,
  `created_at` timestamp NULL DEFAULT NULL,
  `updated_at` timestamp NULL DEFAULT NULL
) ENGINE=InnoDB DEFAULT CHARSET=utf8mb4 COLLATE=utf8mb4_unicode_ci;

--
-- Dumping data for table `fingerprints`
--

INSERT INTO `fingerprints` (`id`, `fingerprint_data`, `first_name`, `last_name`, `created_at`, `updated_at`) VALUES
(1, '20000004028c2ff3fc5611040c00020481040004022000c50409c7104058c2ff3fc50401e242040300000000ffffffff6c2320408000700080007000000010008000ff000ffffffff0000d8edfe3f7000acfefe3f00003000092611040200003eeffe3f200000e9fe3f00000000feffffff60611040fcc6ff3f10009d630010', 'ปุรชัย', 'พรมเสน', NULL, NULL),
(2, '1000d8edfe3ffea46fc5431040fea46fc4000745104015703c0000010005000608104020000300001d00015703c00000100050006081040200009c7104058c2ff3fc50408a61040300001000022000c50409c7104058c2ff3fc5040d26a20403000010000ffffffffce6a2040000000000000c64b000000100080000000ffff', 'จิรยุทธ', 'คมขำ', NULL, NULL),
(3, '200000040000035703c01000d8edfe3f5ff22b354310405ff22b39c7104058c2ff3fc50400000300001d000ffffffff5c23204040004600035703c0000010005000608104020000ffffffff0000d8edfe3fcfffe3f0000000022000c50409c7104058c2ff3fc50403a610403000019000ffffffff3a610402bf995100005271', 'อนันต์ยศ', 'กระบังตน', NULL, NULL),
(4, '20000d8edfe3f7c4682354310407c46823039f2cc504022000c50409c7104058c2ff3fc504070232040300000000ffffffff6c2320400000230002300050000000200009c5104024232040ffffffff5000942610403597fe3f2b59104098d1fe3f300001f32104098d1fe3f50006081040f4ffffffd556c51ccdafe3ffc3310', 'สุดารัตน์', 'แสนประเสริฐ', NULL, NULL),
(5, 'd000d8edfe3f726e4c554310400000d8edfe3fe1f951515703c0000010005000608104020000100050006081040200008000800022000c50409c7104058c2ff3fc504068610403000010000ffffffff686104054c4fef5a5ae00aa2004100054c4fef50000feffffff7b100fcc6ff3f54c42c1e00004c38aa21000e5efc9030', 'ภราดร', 'กูดคล้าย', NULL, NULL),
(6, 'e000d8edfe3f4a5bd1754310401000d8edfe3f4964d1715703c0000010005000608104020000d8edfe3fc02fd0715703c010001000500022000c50409c7104058c2ff3fc50402b610403000017000ffffffffc16a204054010100010000e9fe3f00000000feffffff60611040fcc6ff3f10005401010003000100030000f825', 'นิตยา', 'มั่งเชียง', NULL, NULL),
(7, '20000ffffff7f000015703c00000100050006081040200009c7104058c2ff3fc5040cc23204030000800022000c50409c7104058c2ff3fc5040a76210403000010000ffffffffffffffff1000100000001000a3d7680af350080000000ffffffff0000100028effe3f00000e9fe3f30000c50409c7104058c2ff3f22000c504', 'สุพิชชา', 'ทากุดเรือ', NULL, NULL),
(8, '2000000001f0009c510405000608104028c2ff3f22000c50409c7104058c2ff3fc5040e1232040300001f000ffffffff1000d8edfe3f104e9955431040104e9958000100080000000ffffffff0000d8edfe3f20001000000015403e0000010005000608104020000ffffffff000028eefe3fcfffe3f391004210022000c5040', 'จิรเมธ', 'พรมบูญชู', NULL, NULL);

-- --------------------------------------------------------

--
-- Table structure for table `members`
--

CREATE TABLE `members` (
  `id` bigint(20) UNSIGNED NOT NULL,
  `member_id` varchar(255) NOT NULL,
  `password` varchar(255) NOT NULL,
  `first_name` varchar(255) NOT NULL,
  `last_name` varchar(255) NOT NULL,
  `role` varchar(255) NOT NULL,
  `phone` varchar(255) NOT NULL,
  `created_at` timestamp NULL DEFAULT NULL,
  `updated_at` timestamp NULL DEFAULT NULL
) ENGINE=InnoDB DEFAULT CHARSET=utf8mb4 COLLATE=utf8mb4_unicode_ci;

--
-- Dumping data for table `members`
--

INSERT INTO `members` (`id`, `member_id`, `password`, `first_name`, `last_name`, `role`, `phone`, `created_at`, `updated_at`) VALUES
(1, '652422060028', '$2y$10$5CJflpDnmggMNLvkbvXvhuBukfG9BZuZBn9C96drPNdxivlVq.Jdi', 'จิรเมธ', 'พรมบุญชู', 'student', '-', '2024-09-30 07:49:12', '2024-10-03 00:09:45'),
(2, '652422060036', '$2y$10$Aoyo8.f.BIxknyovEbjNAuYIgHX4cA0QgD.xiqQbi23sdmZxm1i5q', 'จิรยุทธ', 'คมขำ', 'student', '-', '2024-09-30 07:49:58', '2024-09-30 07:49:58'),
(3, '652422060069', '$2y$10$tw/8efOAVvPZzV0cyTvsR.0B5wVYb.DOFPLNwDQp4OwoDioy7/0Xy', 'ภราดร', 'กูดคล้าย', 'student', '-', '2024-09-30 07:50:28', '2024-09-30 07:50:28'),
(4, '652422060093', '$2y$10$hGbhM34XFm/MU.9/lXrdHexZFJx7A1IX1UyT5CqUQXEmx3nZhA0xC', 'เมธาวี', 'จาดรัมย์', 'student', '-', '2024-09-30 07:51:19', '2024-09-30 07:51:19'),
(5, '652422060150', '$2y$10$tphjAYEKiiiQhE1QuM6aAuaY2SmqzzkwmzIeC5Ylr1RmoYT1FgKPC', 'สุดารัตน์', 'แสนประเสริฐ', 'student', '-', '2024-09-30 07:51:52', '2024-09-30 07:51:52'),
(6, '652422060168', '$2y$10$Ziq4VfXP3DBxw9yKCTfJdeZ7xDAPdL09oAGZMrQK4qsZZi89XOW2a', 'สุพิชชา', 'ทากุดเรือ', 'student', '-', '2024-09-30 07:52:28', '2024-09-30 07:52:28'),
(7, '652422060176', '$2y$10$U02dHl1oaw2Io8b9IC3XWupvXpCEYhI6JFQG.owrlrAH.KhdIxHwO', 'อรณี', 'เคนอ่ำ', 'student', '-', '2024-09-30 07:52:50', '2024-09-30 07:52:50'),
(8, '652422060200', '$2y$10$hhLM6CLSfQiFDR6OYX40v.HKECw/Vbv9qJQBuHEQPgdhdab5mRy42', 'ปุรชัย', 'พรมเสน', 'admin', '-', '2024-09-30 07:53:34', '2024-10-19 22:09:11'),
(9, '652422060226', '$2y$10$bR0xH6MDoPNjhc6HhYRVoeiMJV.vAjqUK8OE6IdJQ7nyCR3whnumu', 'ศรีธนา', 'พงษ์ผ่องพูล', 'student', '-', '2024-09-30 07:54:21', '2024-09-30 07:54:21'),
(10, '652422060259', '$2y$10$WrymKigOYsKh26p7Sbc9qei/Bl1QIrjpmPZwlWtZo6f8X38/eR6xm', 'นิตยา', 'มั่งเชียง', 'student', '-', '2024-09-30 07:54:53', '2024-09-30 07:54:53'),
(11, '652422060291', '$2y$10$I8qXNM1EY9OoBQcET1vCYOKsrLf0gTm3mNU9riXtLHC.FqSsj7VQ.', 'อนันต์ยศ', 'กระบังตน', 'student', '-', '2024-09-30 07:55:16', '2024-09-30 07:55:16'),
(12, '72971040', '$2y$10$8aUnzfm1IQJ1C0FMnh49I.wohY6Rf9aO9v11YoRQaA23OvYsmvkEy', 'Admin', 'it', 'admin', '-', '2024-09-30 08:01:37', '2024-09-30 08:01:37');

-- --------------------------------------------------------

--
-- Table structure for table `migrations`
--

CREATE TABLE `migrations` (
  `id` int(10) UNSIGNED NOT NULL,
  `migration` varchar(255) NOT NULL,
  `batch` int(11) NOT NULL
) ENGINE=InnoDB DEFAULT CHARSET=utf8mb4 COLLATE=utf8mb4_unicode_ci;

--
-- Dumping data for table `migrations`
--

INSERT INTO `migrations` (`id`, `migration`, `batch`) VALUES
(181, '2014_10_12_000000_create_users_table', 1),
(182, '2014_10_12_100000_create_password_reset_tokens_table', 1),
(183, '2019_08_19_000000_create_failed_jobs_table', 1),
(184, '2019_12_14_000001_create_personal_access_tokens_table', 1),
(185, '2024_07_11_064939_create_members_table', 1),
(186, '2024_07_11_064953_create_rooms_table', 1),
(187, '2024_07_11_065009_create_reservations_table', 1),
(188, '2024_07_11_065019_create_approvals_table', 1),
(189, '2024_09_08_095337_create_fingerprints_table', 1),
(190, '2024_09_11_090224_create_verify_fingerprint', 1),
(191, '2024_09_23_080546_create_out_verify_fingerprint', 1);

-- --------------------------------------------------------

--
-- Table structure for table `out_verify_fingerprint`
--

CREATE TABLE `out_verify_fingerprint` (
  `id` bigint(20) UNSIGNED NOT NULL,
  `fingerprint_data` varchar(255) NOT NULL,
  `first_name` varchar(255) NOT NULL,
  `last_name` varchar(255) NOT NULL,
  `time_out` timestamp NULL DEFAULT NULL,
  `created_at` timestamp NULL DEFAULT NULL,
  `updated_at` timestamp NULL DEFAULT NULL
) ENGINE=InnoDB DEFAULT CHARSET=utf8mb4 COLLATE=utf8mb4_unicode_ci;

-- --------------------------------------------------------

--
-- Table structure for table `password_reset_tokens`
--

CREATE TABLE `password_reset_tokens` (
  `email` varchar(255) NOT NULL,
  `token` varchar(255) NOT NULL,
  `created_at` timestamp NULL DEFAULT NULL
) ENGINE=InnoDB DEFAULT CHARSET=utf8mb4 COLLATE=utf8mb4_unicode_ci;

-- --------------------------------------------------------

--
-- Table structure for table `personal_access_tokens`
--

CREATE TABLE `personal_access_tokens` (
  `id` bigint(20) UNSIGNED NOT NULL,
  `tokenable_type` varchar(255) NOT NULL,
  `tokenable_id` bigint(20) UNSIGNED NOT NULL,
  `name` varchar(255) NOT NULL,
  `token` varchar(64) NOT NULL,
  `abilities` text DEFAULT NULL,
  `last_used_at` timestamp NULL DEFAULT NULL,
  `expires_at` timestamp NULL DEFAULT NULL,
  `created_at` timestamp NULL DEFAULT NULL,
  `updated_at` timestamp NULL DEFAULT NULL
) ENGINE=InnoDB DEFAULT CHARSET=utf8mb4 COLLATE=utf8mb4_unicode_ci;

-- --------------------------------------------------------

--
-- Table structure for table `reservations`
--

CREATE TABLE `reservations` (
  `reservation_id` bigint(20) UNSIGNED NOT NULL,
  `purpose` varchar(255) NOT NULL,
  `start_time` time NOT NULL,
  `end_time` time NOT NULL,
  `start_date` date NOT NULL,
  `end_date` date NOT NULL,
  `member_id` varchar(255) NOT NULL,
  `room_id` bigint(20) UNSIGNED NOT NULL,
  `status` varchar(255) NOT NULL DEFAULT 'pending',
  `created_at` timestamp NULL DEFAULT NULL,
  `updated_at` timestamp NULL DEFAULT NULL
) ENGINE=InnoDB DEFAULT CHARSET=utf8mb4 COLLATE=utf8mb4_unicode_ci;

--
-- Dumping data for table `reservations`
--

INSERT INTO `reservations` (`reservation_id`, `purpose`, `start_time`, `end_time`, `start_date`, `end_date`, `member_id`, `room_id`, `status`, `created_at`, `updated_at`) VALUES
(1, 'การสื่อสารข้อมูลและระบบเครือข่ายคอมพิวเตอร์', '08:00:00', '12:00:00', '2024-09-02', '2024-09-02', '72971040', 1, 'approved', '2024-09-30 08:14:21', '2024-09-30 08:16:11'),
(2, 'เว็บเฟรมเวิร์ก', '13:00:00', '17:00:00', '2024-09-02', '2024-09-02', '72971040', 1, 'approved', '2024-09-30 08:15:51', '2024-09-30 08:16:13'),
(3, 'การวิเคราะห์ข้อมูลมหัต', '17:30:00', '21:30:00', '2024-09-02', '2024-09-02', '72971040', 1, 'approved', '2024-09-30 08:21:03', '2024-09-30 08:21:10'),
(4, 'การสื่อสารข้อมูลและระบบเครือข่ายคอมพิวเตอร์', '08:00:00', '12:00:00', '2024-09-09', '2024-09-09', '72971040', 1, 'approved', '2024-09-30 08:14:21', '2024-09-30 08:16:11'),
(5, 'เว็บเฟรมเวิร์ก', '13:00:00', '17:00:00', '2024-09-09', '2024-09-09', '72971040', 1, 'approved', '2024-09-30 08:15:51', '2024-09-30 08:16:13'),
(6, 'การวิเคราะห์ข้อมูลมหัต', '17:30:00', '21:30:00', '2024-09-09', '2024-09-09', '72971040', 1, 'approved', '2024-09-30 08:21:03', '2024-09-30 08:21:10'),
(7, 'การสื่อสารข้อมูลและระบบเครือข่ายคอมพิวเตอร์', '08:00:00', '12:00:00', '2024-09-16', '2024-09-16', '72971040', 1, 'approved', '2024-09-30 08:14:21', '2024-09-30 08:16:11'),
(8, 'เว็บเฟรมเวิร์ก', '13:00:00', '17:00:00', '2024-09-16', '2024-09-16', '72971040', 1, 'approved', '2024-09-30 08:15:51', '2024-09-30 08:16:13'),
(9, 'การวิเคราะห์ข้อมูลมหัต', '17:30:00', '21:30:00', '2024-09-16', '2024-09-16', '72971040', 1, 'approved', '2024-09-30 08:21:03', '2024-09-30 08:21:10'),
(10, 'การสื่อสารข้อมูลและระบบเครือข่ายคอมพิวเตอร์', '08:00:00', '12:00:00', '2024-09-23', '2024-09-23', '72971040', 1, 'approved', '2024-09-30 08:14:21', '2024-09-30 08:16:11'),
(11, 'เว็บเฟรมเวิร์ก', '13:00:00', '17:00:00', '2024-09-23', '2024-09-23', '72971040', 1, 'approved', '2024-09-30 08:15:51', '2024-09-30 08:16:13'),
(12, 'การวิเคราะห์ข้อมูลมหัต', '17:30:00', '21:30:00', '2024-09-23', '2024-09-23', '72971040', 1, 'approved', '2024-09-30 08:21:03', '2024-09-30 08:21:10'),
(13, 'การสื่อสารข้อมูลและระบบเครือข่ายคอมพิวเตอร์', '08:00:00', '12:00:00', '2024-09-30', '2024-09-30', '72971040', 1, 'approved', '2024-09-30 08:14:21', '2024-09-30 08:16:11'),
(14, 'เว็บเฟรมเวิร์ก', '13:00:00', '17:00:00', '2024-09-30', '2024-09-30', '72971040', 1, 'approved', '2024-09-30 08:15:51', '2024-09-30 08:16:13'),
(15, 'การวิเคราะห์ข้อมูลมหัต', '17:30:00', '21:30:00', '2024-09-30', '2024-09-30', '72971040', 1, 'approved', '2024-09-30 08:21:03', '2024-09-30 08:21:10'),
(16, 'เทคฯในชีวิตประจำวัน', '08:00:00', '12:00:00', '2024-09-03', '2024-09-03', '72971040', 2, 'approved', '2024-09-30 08:28:53', '2024-09-30 08:29:02'),
(17, 'วิเคราะห์/ออกแบบระบบ', '13:00:00', '17:00:00', '2024-09-03', '2024-09-03', '72971040', 2, 'approved', '2024-09-30 08:30:22', '2024-09-30 08:34:28'),
(18, 'ระบบฐานข้อมูล', '08:00:00', '12:00:00', '2024-09-03', '2024-09-03', '72971040', 5, 'approved', '2024-09-30 08:31:03', '2024-09-30 08:34:30'),
(19, 'การเขียนโปรแกรมเชิงวัตถุ', '13:00:00', '17:00:00', '2024-09-03', '2024-09-03', '72971040', 5, 'approved', '2024-09-30 08:32:19', '2024-09-30 08:36:30'),
(20, 'พื้นฐานเทคโนโลยีสารสนเทศ', '08:00:00', '12:00:00', '2024-09-03', '2024-09-03', '72971040', 1, 'approved', '2024-09-30 08:33:11', '2024-09-30 08:36:32'),
(21, 'สัมมนาทางเทคโนโลยีสารสนเทศ', '13:00:00', '17:00:00', '2024-09-03', '2024-09-03', '72971040', 1, 'approved', '2024-09-30 08:33:38', '2024-09-30 08:36:34'),
(22, 'อินเทอร์เน็ตเพื่อสรรพสิ่ง', '08:00:00', '12:00:00', '2024-09-03', '2024-09-03', '72971040', 6, 'approved', '2024-09-30 08:34:14', '2024-09-30 08:36:35'),
(23, 'เทคฯในชีวิตประจำวัน', '08:00:00', '12:00:00', '2024-09-10', '2024-09-10', '72971040', 2, 'approved', '2024-09-30 08:28:53', '2024-09-30 08:29:02'),
(24, 'วิเคราะห์/ออกแบบระบบ', '13:00:00', '17:00:00', '2024-09-10', '2024-09-10', '72971040', 2, 'approved', '2024-09-30 08:30:22', '2024-09-30 08:34:28'),
(25, 'ระบบฐานข้อมูล', '08:00:00', '12:00:00', '2024-09-10', '2024-09-10', '72971040', 5, 'approved', '2024-09-30 08:31:03', '2024-09-30 08:34:30'),
(26, 'การเขียนโปรแกรมเชิงวัตถุ', '13:00:00', '17:00:00', '2024-09-10', '2024-09-10', '72971040', 5, 'approved', '2024-09-30 08:32:19', '2024-09-30 08:36:30'),
(27, 'พื้นฐานเทคโนโลยีสารสนเทศ', '08:00:00', '12:00:00', '2024-09-10', '2024-09-10', '72971040', 1, 'approved', '2024-09-30 08:33:11', '2024-09-30 08:36:32'),
(28, 'สัมมนาทางเทคโนโลยีสารสนเทศ', '13:00:00', '17:00:00', '2024-09-10', '2024-09-10', '72971040', 1, 'approved', '2024-09-30 08:33:38', '2024-09-30 08:36:34'),
(29, 'อินเทอร์เน็ตเพื่อสรรพสิ่ง', '08:00:00', '12:00:00', '2024-09-10', '2024-09-10', '72971040', 6, 'approved', '2024-09-30 08:34:14', '2024-09-30 08:36:35'),
(30, 'เทคฯในชีวิตประจำวัน', '08:00:00', '12:00:00', '2024-09-17', '2024-09-17', '72971040', 2, 'approved', '2024-09-30 08:28:53', '2024-09-30 08:29:02'),
(31, 'วิเคราะห์/ออกแบบระบบ', '13:00:00', '17:00:00', '2024-09-17', '2024-09-17', '72971040', 2, 'approved', '2024-09-30 08:30:22', '2024-09-30 08:34:28'),
(32, 'ระบบฐานข้อมูล', '08:00:00', '12:00:00', '2024-09-17', '2024-09-17', '72971040', 5, 'approved', '2024-09-30 08:31:03', '2024-09-30 08:34:30'),
(33, 'การเขียนโปรแกรมเชิงวัตถุ', '13:00:00', '17:00:00', '2024-09-17', '2024-09-17', '72971040', 5, 'approved', '2024-09-30 08:32:19', '2024-09-30 08:36:30'),
(34, 'พื้นฐานเทคโนโลยีสารสนเทศ', '08:00:00', '12:00:00', '2024-09-17', '2024-09-17', '72971040', 1, 'approved', '2024-09-30 08:33:11', '2024-09-30 08:36:32'),
(35, 'สัมมนาทางเทคโนโลยีสารสนเทศ', '13:00:00', '17:00:00', '2024-09-17', '2024-09-17', '72971040', 1, 'approved', '2024-09-30 08:33:38', '2024-09-30 08:36:34'),
(36, 'เทคฯในชีวิตประจำวัน', '08:00:00', '12:00:00', '2024-09-24', '2024-09-24', '72971040', 2, 'approved', '2024-09-30 08:28:53', '2024-09-30 08:29:02'),
(37, 'วิเคราะห์/ออกแบบระบบ', '13:00:00', '17:00:00', '2024-09-24', '2024-09-24', '72971040', 2, 'approved', '2024-09-30 08:30:22', '2024-09-30 08:34:28'),
(38, 'ระบบฐานข้อมูล', '08:00:00', '12:00:00', '2024-09-24', '2024-09-24', '72971040', 5, 'approved', '2024-09-30 08:31:03', '2024-09-30 08:34:30'),
(39, 'การเขียนโปรแกรมเชิงวัตถุ', '13:00:00', '17:00:00', '2024-09-24', '2024-09-24', '72971040', 5, 'approved', '2024-09-30 08:32:19', '2024-09-30 08:36:30'),
(40, 'พื้นฐานเทคโนโลยีสารสนเทศ', '08:00:00', '12:00:00', '2024-09-24', '2024-09-24', '72971040', 1, 'approved', '2024-09-30 08:33:11', '2024-09-30 08:36:32'),
(41, 'สัมมนาทางเทคโนโลยีสารสนเทศ', '13:00:00', '17:00:00', '2024-09-24', '2024-09-24', '72971040', 1, 'approved', '2024-09-30 08:33:38', '2024-09-30 08:36:34'),
(42, 'กฏหมายเทคโนโลยีฯ', '08:00:00', '12:00:00', '2024-09-04', '2024-09-04', '72971040', 2, 'approved', '2024-09-30 08:53:13', '2024-09-30 08:54:36'),
(43, 'การเตรียมความพร้อมฯ', '13:00:00', '17:00:00', '2024-09-04', '2024-09-04', '72971040', 2, 'approved', '2024-09-30 08:53:52', '2024-09-30 08:54:38'),
(44, 'การประมวลผลก้อนเมฆ', '08:00:00', '12:00:00', '2024-09-04', '2024-09-04', '72971040', 1, 'approved', '2024-09-30 08:54:30', '2024-09-30 08:54:40'),
(45, 'กฏหมายเทคโนโลยีฯ', '08:00:00', '12:00:00', '2024-09-11', '2024-09-11', '72971040', 2, 'approved', '2024-09-30 08:53:13', '2024-09-30 08:54:36'),
(46, 'การเตรียมความพร้อมฯ', '13:00:00', '17:00:00', '2024-09-11', '2024-09-11', '72971040', 2, 'approved', '2024-09-30 08:53:52', '2024-09-30 08:54:38'),
(47, 'การประมวลผลก้อนเมฆ', '08:00:00', '12:00:00', '2024-09-11', '2024-09-11', '72971040', 1, 'approved', '2024-09-30 08:54:30', '2024-09-30 08:54:40'),
(48, 'กฏหมายเทคโนโลยีฯ', '08:00:00', '12:00:00', '2024-09-18', '2024-09-18', '72971040', 2, 'approved', '2024-09-30 08:53:13', '2024-09-30 08:54:36'),
(49, 'การเตรียมความพร้อมฯ', '13:00:00', '17:00:00', '2024-09-18', '2024-09-18', '72971040', 2, 'approved', '2024-09-30 08:53:52', '2024-09-30 08:54:38'),
(50, 'การประมวลผลก้อนเมฆ', '08:00:00', '12:00:00', '2024-09-18', '2024-09-18', '72971040', 1, 'approved', '2024-09-30 08:54:30', '2024-09-30 08:54:40'),
(51, 'กฏหมายเทคโนโลยีฯ', '08:00:00', '12:00:00', '2024-09-25', '2024-09-25', '72971040', 2, 'approved', '2024-09-30 08:53:13', '2024-09-30 08:54:36'),
(52, 'การเตรียมความพร้อมฯ', '13:00:00', '17:00:00', '2024-09-25', '2024-09-25', '72971040', 2, 'approved', '2024-09-30 08:53:52', '2024-09-30 08:54:38'),
(53, 'การประมวลผลก้อนเมฆ', '08:00:00', '12:00:00', '2024-09-25', '2024-09-25', '72971040', 1, 'approved', '2024-09-30 08:54:30', '2024-09-30 08:54:40'),
(54, 'ความมั่นคง', '08:00:00', '12:00:00', '2024-09-05', '2024-09-05', '72971040', 2, 'approved', '2024-09-30 08:58:21', '2024-09-30 09:01:47'),
(55, 'เทคโนโลยีสารสนเทศเพื่อความบันเทิง', '08:00:00', '12:00:00', '2024-09-05', '2024-09-05', '72971040', 5, 'approved', '2024-09-30 08:59:04', '2024-09-30 09:01:51'),
(56, 'ปฏิสัมพันธ์มนุษย์และคอมฯ', '13:00:00', '17:00:00', '2024-09-05', '2024-09-05', '72971040', 5, 'approved', '2024-09-30 08:59:40', '2024-09-30 09:01:56'),
(57, 'ระบบสารสนเทศเพื่อการจัดการสมัยใหม่', '08:00:00', '12:00:00', '2024-09-05', '2024-09-05', '72971040', 1, 'approved', '2024-09-30 09:01:04', '2024-09-30 09:01:59'),
(58, 'ระบบสารสนเทศทางภูมิศาสตร์', '13:00:00', '17:00:00', '2024-09-05', '2024-09-05', '72971040', 1, 'approved', '2024-09-30 09:01:37', '2024-09-30 09:02:01'),
(59, 'ความมั่นคง', '08:00:00', '12:00:00', '2024-09-12', '2024-09-12', '72971040', 2, 'approved', '2024-09-30 08:58:21', '2024-09-30 09:01:47'),
(60, 'เทคโนโลยีสารสนเทศเพื่อความบันเทิง', '08:00:00', '12:00:00', '2024-09-12', '2024-09-12', '72971040', 5, 'approved', '2024-09-30 08:59:04', '2024-09-30 09:01:51'),
(61, 'ปฏิสัมพันธ์มนุษย์และคอมฯ', '13:00:00', '17:00:00', '2024-09-12', '2024-09-12', '72971040', 5, 'approved', '2024-09-30 08:59:40', '2024-09-30 09:01:56'),
(62, 'ระบบสารสนเทศเพื่อการจัดการสมัยใหม่', '08:00:00', '12:00:00', '2024-09-12', '2024-09-12', '72971040', 1, 'approved', '2024-09-30 09:01:04', '2024-09-30 09:01:59'),
(63, 'ระบบสารสนเทศทางภูมิศาสตร์', '13:00:00', '17:00:00', '2024-09-12', '2024-09-12', '72971040', 1, 'approved', '2024-09-30 09:01:37', '2024-09-30 09:02:01'),
(64, 'ความมั่นคง', '08:00:00', '12:00:00', '2024-09-19', '2024-09-19', '72971040', 2, 'approved', '2024-09-30 08:58:21', '2024-09-30 09:01:47'),
(65, 'เทคโนโลยีสารสนเทศเพื่อความบันเทิง', '08:00:00', '12:00:00', '2024-09-19', '2024-09-19', '72971040', 5, 'approved', '2024-09-30 08:59:04', '2024-09-30 09:01:51'),
(66, 'ปฏิสัมพันธ์มนุษย์และคอมฯ', '13:00:00', '17:00:00', '2024-09-19', '2024-09-19', '72971040', 5, 'approved', '2024-09-30 08:59:40', '2024-09-30 09:01:56'),
(67, 'ระบบสารสนเทศเพื่อการจัดการสมัยใหม่', '08:00:00', '12:00:00', '2024-09-19', '2024-09-19', '72971040', 1, 'approved', '2024-09-30 09:01:04', '2024-09-30 09:01:59'),
(68, 'ระบบสารสนเทศทางภูมิศาสตร์', '13:00:00', '17:00:00', '2024-09-19', '2024-09-19', '72971040', 1, 'approved', '2024-09-30 09:01:37', '2024-09-30 09:02:01'),
(69, 'ความมั่นคง', '08:00:00', '12:00:00', '2024-09-26', '2024-09-26', '72971040', 2, 'approved', '2024-09-30 08:58:21', '2024-09-30 09:01:47'),
(70, 'เทคโนโลยีสารสนเทศเพื่อความบันเทิง', '08:00:00', '12:00:00', '2024-09-26', '2024-09-26', '72971040', 5, 'approved', '2024-09-30 08:59:04', '2024-09-30 09:01:51'),
(71, 'ปฏิสัมพันธ์มนุษย์และคอมฯ', '13:00:00', '17:00:00', '2024-09-26', '2024-09-26', '72971040', 5, 'approved', '2024-09-30 08:59:40', '2024-09-30 09:01:56'),
(72, 'ระบบสารสนเทศเพื่อการจัดการสมัยใหม่', '08:00:00', '12:00:00', '2024-09-26', '2024-09-26', '72971040', 1, 'approved', '2024-09-30 09:01:04', '2024-09-30 09:01:59'),
(73, 'ระบบสารสนเทศทางภูมิศาสตร์', '13:00:00', '17:00:00', '2024-09-26', '2024-09-26', '72971040', 1, 'approved', '2024-09-30 09:01:37', '2024-09-30 09:02:01'),
(74, 'โครงงานฯ', '08:00:00', '17:00:00', '2024-09-06', '2024-09-06', '72971040', 2, 'approved', '2024-09-30 09:07:57', '2024-09-30 09:11:16'),
(75, 'เทคฯการจัดการอาชีพ', '08:00:00', '12:00:00', '2024-09-06', '2024-09-06', '72971040', 1, 'approved', '2024-09-30 09:09:02', '2024-09-30 09:11:18'),
(76, 'เทคโนโลยีสื่อประสม', '13:00:00', '17:00:00', '2024-09-06', '2024-09-06', '72971040', 1, 'approved', '2024-09-30 09:09:46', '2024-09-30 09:11:19'),
(77, 'ปัญหาพิเศษ', '17:30:00', '21:30:00', '2024-09-06', '2024-09-06', '72971040', 1, 'approved', '2024-09-30 09:10:26', '2024-09-30 09:11:21'),
(78, 'ปัญหาพิเศษ', '08:00:00', '12:00:00', '2024-09-06', '2024-09-06', '72971040', 6, 'approved', '2024-09-30 09:11:07', '2024-09-30 09:11:22'),
(79, 'โครงงานฯ', '08:00:00', '17:00:00', '2024-09-13', '2024-09-13', '72971040', 2, 'approved', '2024-09-30 09:07:57', '2024-09-30 09:11:16'),
(80, 'เทคฯการจัดการอาชีพ', '08:00:00', '12:00:00', '2024-09-13', '2024-09-13', '72971040', 1, 'approved', '2024-09-30 09:09:02', '2024-09-30 09:11:18'),
(81, 'เทคโนโลยีสื่อประสม', '13:00:00', '17:00:00', '2024-09-13', '2024-09-13', '72971040', 1, 'approved', '2024-09-30 09:09:46', '2024-09-30 09:11:19'),
(82, 'ปัญหาพิเศษ', '17:30:00', '21:30:00', '2024-09-13', '2024-09-13', '72971040', 1, 'approved', '2024-09-30 09:10:26', '2024-09-30 09:11:21'),
(83, 'ปัญหาพิเศษ', '08:00:00', '12:00:00', '2024-09-13', '2024-09-13', '72971040', 6, 'approved', '2024-09-30 09:11:07', '2024-09-30 09:11:22'),
(84, 'โครงงานฯ', '08:00:00', '17:00:00', '2024-09-20', '2024-09-20', '72971040', 2, 'approved', '2024-09-30 09:07:57', '2024-09-30 09:11:16'),
(85, 'เทคฯการจัดการอาชีพ', '08:00:00', '12:00:00', '2024-09-20', '2024-09-20', '72971040', 1, 'approved', '2024-09-30 09:09:02', '2024-09-30 09:11:18'),
(86, 'เทคโนโลยีสื่อประสม', '13:00:00', '17:00:00', '2024-09-20', '2024-09-20', '72971040', 1, 'approved', '2024-09-30 09:09:46', '2024-09-30 09:11:19'),
(87, 'ปัญหาพิเศษ', '17:30:00', '21:30:00', '2024-09-20', '2024-09-20', '72971040', 1, 'approved', '2024-09-30 09:10:26', '2024-09-30 09:11:21'),
(88, 'ปัญหาพิเศษ', '08:00:00', '12:00:00', '2024-09-20', '2024-09-20', '72971040', 6, 'approved', '2024-09-30 09:11:07', '2024-09-30 09:11:22'),
(89, 'โครงงานฯ', '08:00:00', '17:00:00', '2024-09-27', '2024-09-27', '72971040', 2, 'approved', '2024-09-30 09:07:57', '2024-09-30 09:11:16'),
(90, 'เทคฯการจัดการอาชีพ', '08:00:00', '12:00:00', '2024-09-27', '2024-09-27', '72971040', 1, 'approved', '2024-09-30 09:09:02', '2024-09-30 09:11:18'),
(91, 'เทคโนโลยีสื่อประสม', '13:00:00', '17:00:00', '2024-09-27', '2024-09-27', '72971040', 1, 'approved', '2024-09-30 09:09:46', '2024-09-30 09:11:19'),
(92, 'ปัญหาพิเศษ', '17:30:00', '21:30:00', '2024-09-27', '2024-09-27', '72971040', 1, 'approved', '2024-09-30 09:10:26', '2024-09-30 09:11:21'),
(93, 'ปัญหาพิเศษ', '08:00:00', '12:00:00', '2024-09-27', '2024-09-27', '72971040', 6, 'approved', '2024-09-30 09:11:07', '2024-09-30 09:11:22'),
(94, 'เทคฯในชีวิตประจำวัน', '08:00:00', '12:00:00', '2024-10-01', '2024-10-01', '72971040', 2, 'approved', '2024-09-30 08:28:53', '2024-09-30 08:29:02'),
(95, 'วิเคราะห์/ออกแบบระบบ', '13:00:00', '17:00:00', '2024-10-01', '2024-10-01', '72971040', 2, 'approved', '2024-09-30 08:30:22', '2024-09-30 08:34:28'),
(96, 'ระบบฐานข้อมูล', '08:00:00', '12:00:00', '2024-10-01', '2024-10-01', '72971040', 5, 'approved', '2024-09-30 08:31:03', '2024-09-30 08:34:30'),
(97, 'การเขียนโปรแกรมเชิงวัตถุ', '13:00:00', '17:00:00', '2024-10-01', '2024-10-01', '72971040', 5, 'approved', '2024-09-30 08:32:19', '2024-09-30 08:36:30'),
(98, 'พื้นฐานเทคโนโลยีสารสนเทศ', '08:00:00', '12:00:00', '2024-10-01', '2024-10-01', '72971040', 1, 'approved', '2024-09-30 08:33:11', '2024-09-30 08:36:32'),
(99, 'สัมมนาทางเทคโนโลยีสารสนเทศ', '13:00:00', '17:00:00', '2024-10-01', '2024-10-01', '72971040', 1, 'approved', '2024-09-30 08:33:38', '2024-09-30 08:36:34'),
(100, 'อินเทอร์เน็ตเพื่อสรรพสิ่ง', '08:00:00', '12:00:00', '2024-10-01', '2024-10-01', '72971040', 6, 'approved', '2024-09-30 08:34:14', '2024-09-30 08:36:35'),
(101, 'การสื่อสารข้อมูลและระบบเครือข่ายคอมพิวเตอร์', '08:00:00', '12:00:00', '2024-10-07', '2024-10-07', '72971040', 1, 'approved', '2024-09-30 08:14:21', '2024-09-30 08:16:11'),
(102, 'เว็บเฟรมเวิร์ก', '13:00:00', '17:00:00', '2024-10-07', '2024-10-07', '72971040', 1, 'approved', '2024-09-30 08:15:51', '2024-09-30 08:16:13'),
(103, 'การวิเคราะห์ข้อมูลมหัต', '17:30:00', '21:30:00', '2024-10-07', '2024-10-07', '72971040', 1, 'approved', '2024-09-30 08:21:03', '2024-09-30 08:21:10'),
(104, 'เทคฯในชีวิตประจำวัน', '08:00:00', '12:00:00', '2024-10-08', '2024-10-08', '72971040', 2, 'approved', '2024-09-30 08:28:53', '2024-09-30 08:29:02'),
(105, 'วิเคราะห์/ออกแบบระบบ', '13:00:00', '17:00:00', '2024-10-08', '2024-10-08', '72971040', 2, 'approved', '2024-09-30 08:30:22', '2024-09-30 08:34:28'),
(106, 'ระบบฐานข้อมูล', '08:00:00', '12:00:00', '2024-10-08', '2024-10-08', '72971040', 5, 'approved', '2024-09-30 08:31:03', '2024-09-30 08:34:30'),
(107, 'การเขียนโปรแกรมเชิงวัตถุ', '13:00:00', '17:00:00', '2024-10-08', '2024-10-08', '72971040', 5, 'approved', '2024-09-30 08:32:19', '2024-09-30 08:36:30'),
(108, 'พื้นฐานเทคโนโลยีสารสนเทศ', '08:00:00', '12:00:00', '2024-10-08', '2024-10-08', '72971040', 1, 'approved', '2024-09-30 08:33:11', '2024-09-30 08:36:32'),
(109, 'สัมมนาทางเทคโนโลยีสารสนเทศ', '13:00:00', '17:00:00', '2024-10-08', '2024-10-08', '72971040', 1, 'approved', '2024-09-30 08:33:38', '2024-09-30 08:36:34'),
(110, 'อินเทอร์เน็ตเพื่อสรรพสิ่ง', '08:00:00', '12:00:00', '2024-10-08', '2024-10-08', '72971040', 6, 'approved', '2024-09-30 08:34:14', '2024-09-30 08:36:35'),
(111, 'กฏหมายเทคโนโลยีฯ', '08:00:00', '12:00:00', '2024-10-02', '2024-10-02', '72971040', 2, 'approved', '2024-09-30 08:53:13', '2024-09-30 08:54:36'),
(112, 'การเตรียมความพร้อมฯ', '13:00:00', '17:00:00', '2024-10-02', '2024-10-02', '72971040', 2, 'approved', '2024-09-30 08:53:52', '2024-09-30 08:54:38'),
(113, 'การประมวลผลก้อนเมฆ', '08:00:00', '12:00:00', '2024-10-02', '2024-10-02', '72971040', 1, 'approved', '2024-09-30 08:54:30', '2024-09-30 08:54:40'),
(114, 'กฏหมายเทคโนโลยีฯ', '08:00:00', '12:00:00', '2024-10-09', '2024-10-09', '72971040', 2, 'approved', '2024-09-30 08:53:13', '2024-09-30 08:54:36'),
(115, 'การเตรียมความพร้อมฯ', '13:00:00', '17:00:00', '2024-10-09', '2024-10-09', '72971040', 2, 'approved', '2024-09-30 08:53:52', '2024-09-30 08:54:38'),
(116, 'การประมวลผลก้อนเมฆ', '08:00:00', '12:00:00', '2024-10-09', '2024-10-09', '72971040', 1, 'approved', '2024-09-30 08:54:30', '2024-09-30 08:54:40'),
(117, 'ความมั่นคง', '08:00:00', '12:00:00', '2024-10-03', '2024-10-03', '72971040', 2, 'approved', '2024-09-30 08:58:21', '2024-09-30 09:01:47'),
(118, 'เทคโนโลยีสารสนเทศเพื่อความบันเทิง', '08:00:00', '12:00:00', '2024-10-03', '2024-10-03', '72971040', 5, 'approved', '2024-09-30 08:59:04', '2024-09-30 09:01:51'),
(119, 'ปฏิสัมพันธ์มนุษย์และคอมฯ', '13:00:00', '17:00:00', '2024-10-03', '2024-10-03', '72971040', 5, 'approved', '2024-09-30 08:59:40', '2024-09-30 09:01:56'),
(120, 'ระบบสารสนเทศเพื่อการจัดการสมัยใหม่', '08:00:00', '12:00:00', '2024-10-03', '2024-10-03', '72971040', 1, 'approved', '2024-09-30 09:01:04', '2024-09-30 09:01:59'),
(121, 'ระบบสารสนเทศทางภูมิศาสตร์', '13:00:00', '17:00:00', '2024-10-03', '2024-10-03', '72971040', 1, 'approved', '2024-09-30 09:01:37', '2024-09-30 09:02:01'),
(122, 'ความมั่นคง', '08:00:00', '12:00:00', '2024-10-10', '2024-10-10', '72971040', 2, 'approved', '2024-09-30 08:58:21', '2024-09-30 09:01:47'),
(123, 'เทคโนโลยีสารสนเทศเพื่อความบันเทิง', '08:00:00', '12:00:00', '2024-10-10', '2024-10-10', '72971040', 5, 'approved', '2024-09-30 08:59:04', '2024-09-30 09:01:51'),
(124, 'ปฏิสัมพันธ์มนุษย์และคอมฯ', '13:00:00', '17:00:00', '2024-10-10', '2024-10-10', '72971040', 5, 'approved', '2024-09-30 08:59:40', '2024-09-30 09:01:56'),
(125, 'ระบบสารสนเทศเพื่อการจัดการสมัยใหม่', '08:00:00', '12:00:00', '2024-10-10', '2024-10-10', '72971040', 1, 'approved', '2024-09-30 09:01:04', '2024-09-30 09:01:59'),
(126, 'ระบบสารสนเทศทางภูมิศาสตร์', '13:00:00', '17:00:00', '2024-10-10', '2024-10-10', '72971040', 1, 'approved', '2024-09-30 09:01:37', '2024-09-30 09:02:01'),
(127, 'โครงงานฯ', '08:00:00', '17:00:00', '2024-10-04', '2024-10-04', '72971040', 2, 'approved', '2024-09-30 09:07:57', '2024-09-30 09:11:16'),
(128, 'เทคฯการจัดการอาชีพ', '08:00:00', '12:00:00', '2024-10-04', '2024-10-04', '72971040', 1, 'approved', '2024-09-30 09:09:02', '2024-09-30 09:11:18'),
(129, 'เทคโนโลยีสื่อประสม', '13:00:00', '17:00:00', '2024-10-04', '2024-10-04', '72971040', 1, 'approved', '2024-09-30 09:09:46', '2024-09-30 09:11:19'),
(130, 'ปัญหาพิเศษ', '17:30:00', '21:30:00', '2024-10-04', '2024-10-04', '72971040', 1, 'approved', '2024-09-30 09:10:26', '2024-09-30 09:11:21'),
(131, 'ปัญหาพิเศษ', '08:00:00', '12:00:00', '2024-10-04', '2024-10-04', '72971040', 6, 'approved', '2024-09-30 09:11:07', '2024-09-30 09:11:22'),
(132, 'โครงงานฯ', '08:00:00', '17:00:00', '2024-10-11', '2024-10-11', '72971040', 2, 'approved', '2024-09-30 09:07:57', '2024-09-30 09:11:16'),
(133, 'เทคฯการจัดการอาชีพ', '08:00:00', '12:00:00', '2024-10-11', '2024-10-11', '72971040', 1, 'approved', '2024-09-30 09:09:02', '2024-09-30 09:11:18'),
(134, 'เทคโนโลยีสื่อประสม', '13:00:00', '17:00:00', '2024-10-11', '2024-10-11', '72971040', 1, 'approved', '2024-09-30 09:09:46', '2024-09-30 09:11:19'),
(135, 'ปัญหาพิเศษ', '17:30:00', '21:30:00', '2024-10-11', '2024-10-11', '72971040', 1, 'approved', '2024-09-30 09:10:26', '2024-09-30 09:11:21'),
(136, 'ปัญหาพิเศษ', '08:00:00', '12:00:00', '2024-10-11', '2024-10-11', '72971040', 6, 'approved', '2024-09-30 09:11:07', '2024-09-30 09:11:22'),
(138, 'ทดสอบ', '14:13:00', '17:13:00', '2024-10-28', '2024-10-28', '72971040', 1, 'approved', '2024-10-02 00:13:17', '2024-10-02 00:13:29'),
(139, 'ทดสอบ', '15:28:00', '18:28:00', '2024-10-22', '2024-10-16', '72971040', 3, 'pending', '2024-10-02 01:29:10', '2024-10-02 01:29:10'),
(140, 'ทดสอบ', '12:00:00', '15:00:00', '2024-11-01', '2024-11-01', '652422060200', 1, 'approved', '2024-10-02 22:01:17', '2024-10-02 22:01:30');

-- --------------------------------------------------------

--
-- Table structure for table `rooms`
--

CREATE TABLE `rooms` (
  `room_id` bigint(20) UNSIGNED NOT NULL,
  `room_name` varchar(255) NOT NULL,
  `capacity` int(11) NOT NULL,
  `equipment` text DEFAULT NULL,
  `created_at` timestamp NULL DEFAULT NULL,
  `updated_at` timestamp NULL DEFAULT NULL
) ENGINE=InnoDB DEFAULT CHARSET=utf8mb4 COLLATE=utf8mb4_unicode_ci;

--
-- Dumping data for table `rooms`
--

INSERT INTO `rooms` (`room_id`, `room_name`, `capacity`, `equipment`, `created_at`, `updated_at`) VALUES
(1, 'ห้องคอม 3', 60, 'คอมพิวเตอร์, โปรเจ็คเตอร์, ลำโพง, ไมโครโฟน, ทีวี', '2024-09-30 08:07:34', '2024-09-30 08:07:34'),
(2, 'ห้องเรียน 2', 40, 'โปรเจคเตอร์, ลำโพง, ไมโครโฟน', '2024-09-30 08:09:09', '2024-09-30 08:09:09'),
(3, 'ห้องเรียน 1', 30, '-', '2024-09-30 08:10:10', '2024-09-30 08:10:10'),
(4, 'ห้องคอม 1', 30, '-', '2024-09-30 08:10:27', '2024-09-30 08:10:27'),
(5, 'ห้องคอม 2', 40, 'คอมพิวเตอร์, โปรเจคเตอร์, ลำโพง, ไมโครโฟน', '2024-09-30 08:12:08', '2024-09-30 08:12:08'),
(6, 'ห้องWork shop', 30, 'คอมพิวเตอร์, โปรเจคเตอร์, ลำโพง, ไมโครโฟน', '2024-09-30 08:13:14', '2024-09-30 08:13:14');

-- --------------------------------------------------------

--
-- Table structure for table `users`
--

CREATE TABLE `users` (
  `id` bigint(20) UNSIGNED NOT NULL,
  `name` varchar(255) NOT NULL,
  `email` varchar(255) NOT NULL,
  `email_verified_at` timestamp NULL DEFAULT NULL,
  `password` varchar(255) NOT NULL,
  `remember_token` varchar(100) DEFAULT NULL,
  `created_at` timestamp NULL DEFAULT NULL,
  `updated_at` timestamp NULL DEFAULT NULL
) ENGINE=InnoDB DEFAULT CHARSET=utf8mb4 COLLATE=utf8mb4_unicode_ci;

-- --------------------------------------------------------

--
-- Table structure for table `verify_fingerprint`
--

CREATE TABLE `verify_fingerprint` (
  `id` bigint(20) UNSIGNED NOT NULL,
  `fingerprint_data` varchar(255) NOT NULL,
  `first_name` varchar(255) NOT NULL,
  `last_name` varchar(255) NOT NULL,
  `time_in` timestamp NOT NULL DEFAULT current_timestamp() ON UPDATE current_timestamp(),
  `created_at` timestamp NULL DEFAULT NULL,
  `updated_at` timestamp NULL DEFAULT NULL
) ENGINE=InnoDB DEFAULT CHARSET=utf8mb4 COLLATE=utf8mb4_unicode_ci;

--
-- Dumping data for table `verify_fingerprint`
--

INSERT INTO `verify_fingerprint` (`id`, `fingerprint_data`, `first_name`, `last_name`, `time_in`, `created_at`, `updated_at`) VALUES
(1, '20000004028c2ff3fc5611040c00020481040004022000c50409c7104058c2ff3fc50401e242040300000000ffffffff6c2320408000700080007000000010008000ff000ffffffff0000d8edfe3f7000acfefe3f00003000092611040200003eeffe3f200000e9fe3f00000000feffffff60611040fcc6ff3f10009d630010', 'ปุรชัย', 'พรมเสน', '2024-09-27 05:30:13', NULL, NULL),
(2, '200000040000035703c01000d8edfe3f5ff22b354310405ff22b39c7104058c2ff3fc50400000300001d000ffffffff5c23204040004600035703c0000010005000608104020000ffffffff0000d8edfe3fcfffe3f0000000022000c50409c7104058c2ff3fc50403a610403000019000ffffffff3a610402bf995100005271', 'อนันต์ยศ', 'อนันต์ยศ', '2024-09-27 05:28:42', NULL, NULL),
(3, '1000d8edfe3ffea46fc5431040fea46fc4000745104015703c0000010005000608104020000300001d00015703c00000100050006081040200009c7104058c2ff3fc50408a61040300001000022000c50409c7104058c2ff3fc5040d26a20403000010000ffffffffce6a2040000000000000c64b000000100080000000ffff', 'จิรยุทธ', 'คมขำ', '2024-09-27 05:31:16', NULL, NULL),
(5, '200000040000035703c01000d8edfe3f5ff22b354310405ff22b39c7104058c2ff3fc50400000300001d000ffffffff5c23204040004600035703c0000010005000608104020000ffffffff0000d8edfe3fcfffe3f0000000022000c50409c7104058c2ff3fc50403a610403000019000ffffffff3a610402bf995100005271', '	\r\nปุรชัย', 'พรมเสน', '2024-09-27 05:40:25', NULL, NULL),
(6, '20000004028c2ff3fc5611040c00020481040004022000c50409c7104058c2ff3fc50401e242040300000000ffffffff6c2320408000700080007000000010008000ff000ffffffff0000d8edfe3f7000acfefe3f00003000092611040200003eeffe3f200000e9fe3f00000000feffffff60611040fcc6ff3f10009d630010', 'ปุรชัย', 'พรมเสน', '2024-09-28 02:20:46', NULL, NULL),
(7, '200000040000035703c01000d8edfe3f5ff22b354310405ff22b39c7104058c2ff3fc50400000300001d000ffffffff5c23204040004600035703c0000010005000608104020000ffffffff0000d8edfe3fcfffe3f0000000022000c50409c7104058c2ff3fc50403a610403000019000ffffffff3a610402bf995100005271', 'ปุรชัย', 'พรมเสน', '2024-09-28 03:23:12', NULL, NULL),
(8, '1000d8edfe3ffea46fc5431040fea46fc4000745104015703c0000010005000608104020000300001d00015703c00000100050006081040200009c7104058c2ff3fc50408a61040300001000022000c50409c7104058c2ff3fc5040d26a20403000010000ffffffffce6a2040000000000000c64b000000100080000000ffff', 'จิรยุทธ', 'คมขำ', '2024-09-28 03:25:26', NULL, NULL),
(9, '20000004028c2ff3fc5611040c00020481040004022000c50409c7104058c2ff3fc50401e242040300000000ffffffff6c2320408000700080007000000010008000ff000ffffffff0000d8edfe3f7000acfefe3f00003000092611040200003eeffe3f200000e9fe3f00000000feffffff60611040fcc6ff3f10009d630010', 'ปุรชัย', 'พรมเสน', '2024-09-30 06:17:25', NULL, NULL),
(10, '20000004028c2ff3fc5611040c00020481040004022000c50409c7104058c2ff3fc50401e242040300000000ffffffff6c2320408000700080007000000010008000ff000ffffffff0000d8edfe3f7000acfefe3f00003000092611040200003eeffe3f200000e9fe3f00000000feffffff60611040fcc6ff3f10009d630010', 'ปุรชัย', 'พรมเสน', '2024-09-30 06:18:38', NULL, NULL),
(11, '20000004028c2ff3fc5611040c00020481040004022000c50409c7104058c2ff3fc50401e242040300000000ffffffff6c2320408000700080007000000010008000ff000ffffffff0000d8edfe3f7000acfefe3f00003000092611040200003eeffe3f200000e9fe3f00000000feffffff60611040fcc6ff3f10009d630010', '??????', '??????', '2024-10-02 14:54:59', NULL, NULL),
(12, '20000ffffff7f000015703c00000100050006081040200009c7104058c2ff3fc5040cc23204030000800022000c50409c7104058c2ff3fc5040a76210403000010000ffffffffffffffff1000100000001000a3d7680af350080000000ffffffff0000100028effe3f00000e9fe3f30000c50409c7104058c2ff3f22000c504', '???????', '?????????', '2024-10-02 14:55:54', NULL, NULL),
(13, '20000ffffff7f000015703c00000100050006081040200009c7104058c2ff3fc5040cc23204030000800022000c50409c7104058c2ff3fc5040a76210403000010000ffffffffffffffff1000100000001000a3d7680af350080000000ffffffff0000100028effe3f00000e9fe3f30000c50409c7104058c2ff3f22000c504', '???????', '?????????', '2024-10-02 14:58:44', NULL, NULL),
(14, '20000ffffff7f000015703c00000100050006081040200009c7104058c2ff3fc5040cc23204030000800022000c50409c7104058c2ff3fc5040a76210403000010000ffffffffffffffff1000100000001000a3d7680af350080000000ffffffff0000100028effe3f00000e9fe3f30000c50409c7104058c2ff3f22000c504', '???????', '?????????', '2024-10-02 15:02:05', NULL, NULL),
(15, '20000004028c2ff3fc5611040c00020481040004022000c50409c7104058c2ff3fc50401e242040300000000ffffffff6c2320408000700080007000000010008000ff000ffffffff0000d8edfe3f7000acfefe3f00003000092611040200003eeffe3f200000e9fe3f00000000feffffff60611040fcc6ff3f10009d630010', '??????', '??????', '2024-10-02 15:04:03', NULL, NULL),
(16, '20000ffffff7f000015703c00000100050006081040200009c7104058c2ff3fc5040cc23204030000800022000c50409c7104058c2ff3fc5040a76210403000010000ffffffffffffffff1000100000001000a3d7680af350080000000ffffffff0000100028effe3f00000e9fe3f30000c50409c7104058c2ff3f22000c504', 'สุพิชชา', 'ทากุดเรือ', '2024-10-03 16:41:45', NULL, NULL),
(17, '2000000001f0009c510405000608104028c2ff3f22000c50409c7104058c2ff3fc5040e1232040300001f000ffffffff1000d8edfe3f104e9955431040104e9958000100080000000ffffffff0000d8edfe3f20001000000015403e0000010005000608104020000ffffffff000028eefe3fcfffe3f391004210022000c5040', 'จิรเมธ', 'พรมบูญชู', '2024-10-04 02:01:35', NULL, NULL);

--
-- Indexes for dumped tables
--

--
-- Indexes for table `approvals`
--
ALTER TABLE `approvals`
  ADD PRIMARY KEY (`approval_id`),
  ADD KEY `approvals_reservation_id_foreign` (`reservation_id`);

--
-- Indexes for table `failed_jobs`
--
ALTER TABLE `failed_jobs`
  ADD PRIMARY KEY (`id`),
  ADD UNIQUE KEY `failed_jobs_uuid_unique` (`uuid`);

--
-- Indexes for table `fingerprints`
--
ALTER TABLE `fingerprints`
  ADD PRIMARY KEY (`id`),
  ADD UNIQUE KEY `fingerprints_fingerprint_data_unique` (`fingerprint_data`);

--
-- Indexes for table `members`
--
ALTER TABLE `members`
  ADD PRIMARY KEY (`id`),
  ADD UNIQUE KEY `members_member_id_unique` (`member_id`);

--
-- Indexes for table `migrations`
--
ALTER TABLE `migrations`
  ADD PRIMARY KEY (`id`);

--
-- Indexes for table `out_verify_fingerprint`
--
ALTER TABLE `out_verify_fingerprint`
  ADD PRIMARY KEY (`id`),
  ADD KEY `out_verify_fingerprint_fingerprint_data_foreign` (`fingerprint_data`);

--
-- Indexes for table `password_reset_tokens`
--
ALTER TABLE `password_reset_tokens`
  ADD PRIMARY KEY (`email`);

--
-- Indexes for table `personal_access_tokens`
--
ALTER TABLE `personal_access_tokens`
  ADD PRIMARY KEY (`id`),
  ADD UNIQUE KEY `personal_access_tokens_token_unique` (`token`),
  ADD KEY `personal_access_tokens_tokenable_type_tokenable_id_index` (`tokenable_type`,`tokenable_id`);

--
-- Indexes for table `reservations`
--
ALTER TABLE `reservations`
  ADD PRIMARY KEY (`reservation_id`),
  ADD KEY `reservations_member_id_foreign` (`member_id`),
  ADD KEY `reservations_room_id_foreign` (`room_id`);

--
-- Indexes for table `rooms`
--
ALTER TABLE `rooms`
  ADD PRIMARY KEY (`room_id`);

--
-- Indexes for table `users`
--
ALTER TABLE `users`
  ADD PRIMARY KEY (`id`),
  ADD UNIQUE KEY `users_email_unique` (`email`);

--
-- Indexes for table `verify_fingerprint`
--
ALTER TABLE `verify_fingerprint`
  ADD PRIMARY KEY (`id`),
  ADD KEY `verify_fingerprint_fingerprint_data_foreign` (`fingerprint_data`);

--
-- AUTO_INCREMENT for dumped tables
--

--
-- AUTO_INCREMENT for table `approvals`
--
ALTER TABLE `approvals`
  MODIFY `approval_id` bigint(20) UNSIGNED NOT NULL AUTO_INCREMENT, AUTO_INCREMENT=26;

--
-- AUTO_INCREMENT for table `failed_jobs`
--
ALTER TABLE `failed_jobs`
  MODIFY `id` bigint(20) UNSIGNED NOT NULL AUTO_INCREMENT;

--
-- AUTO_INCREMENT for table `fingerprints`
--
ALTER TABLE `fingerprints`
  MODIFY `id` bigint(20) UNSIGNED NOT NULL AUTO_INCREMENT, AUTO_INCREMENT=9;

--
-- AUTO_INCREMENT for table `members`
--
ALTER TABLE `members`
  MODIFY `id` bigint(20) UNSIGNED NOT NULL AUTO_INCREMENT, AUTO_INCREMENT=13;

--
-- AUTO_INCREMENT for table `migrations`
--
ALTER TABLE `migrations`
  MODIFY `id` int(10) UNSIGNED NOT NULL AUTO_INCREMENT, AUTO_INCREMENT=192;

--
-- AUTO_INCREMENT for table `out_verify_fingerprint`
--
ALTER TABLE `out_verify_fingerprint`
  MODIFY `id` bigint(20) UNSIGNED NOT NULL AUTO_INCREMENT;

--
-- AUTO_INCREMENT for table `personal_access_tokens`
--
ALTER TABLE `personal_access_tokens`
  MODIFY `id` bigint(20) UNSIGNED NOT NULL AUTO_INCREMENT;

--
-- AUTO_INCREMENT for table `reservations`
--
ALTER TABLE `reservations`
  MODIFY `reservation_id` bigint(20) UNSIGNED NOT NULL AUTO_INCREMENT, AUTO_INCREMENT=141;

--
-- AUTO_INCREMENT for table `rooms`
--
ALTER TABLE `rooms`
  MODIFY `room_id` bigint(20) UNSIGNED NOT NULL AUTO_INCREMENT, AUTO_INCREMENT=7;

--
-- AUTO_INCREMENT for table `users`
--
ALTER TABLE `users`
  MODIFY `id` bigint(20) UNSIGNED NOT NULL AUTO_INCREMENT;

--
-- AUTO_INCREMENT for table `verify_fingerprint`
--
ALTER TABLE `verify_fingerprint`
  MODIFY `id` bigint(20) UNSIGNED NOT NULL AUTO_INCREMENT, AUTO_INCREMENT=18;

--
-- Constraints for dumped tables
--

--
-- Constraints for table `approvals`
--
ALTER TABLE `approvals`
  ADD CONSTRAINT `approvals_reservation_id_foreign` FOREIGN KEY (`reservation_id`) REFERENCES `reservations` (`reservation_id`);

--
-- Constraints for table `out_verify_fingerprint`
--
ALTER TABLE `out_verify_fingerprint`
  ADD CONSTRAINT `out_verify_fingerprint_fingerprint_data_foreign` FOREIGN KEY (`fingerprint_data`) REFERENCES `fingerprints` (`fingerprint_data`) ON DELETE CASCADE;

--
-- Constraints for table `reservations`
--
ALTER TABLE `reservations`
  ADD CONSTRAINT `reservations_member_id_foreign` FOREIGN KEY (`member_id`) REFERENCES `members` (`member_id`),
  ADD CONSTRAINT `reservations_room_id_foreign` FOREIGN KEY (`room_id`) REFERENCES `rooms` (`room_id`);

--
-- Constraints for table `verify_fingerprint`
--
ALTER TABLE `verify_fingerprint`
  ADD CONSTRAINT `verify_fingerprint_fingerprint_data_foreign` FOREIGN KEY (`fingerprint_data`) REFERENCES `fingerprints` (`fingerprint_data`) ON DELETE CASCADE;
COMMIT;

/*!40101 SET CHARACTER_SET_CLIENT=@OLD_CHARACTER_SET_CLIENT */;
/*!40101 SET CHARACTER_SET_RESULTS=@OLD_CHARACTER_SET_RESULTS */;
/*!40101 SET COLLATION_CONNECTION=@OLD_COLLATION_CONNECTION */;
